<annotation>
	<folder>cotton</folder>
	<filename>ctn127.jpg</filename>
	<path>C:\Users\dell\Pictures\project\cotton\cotton\ctn127.jpg</path>
	<source>
		<database>Unknown</database>
	</source>
	<size>
		<width>640</width>
		<height>640</height>
		<depth>3</depth>
	</size>
	<segmented>0</segmented>
	<object>
		<name>cotton</name>
		<pose>Unspecified</pose>
		<truncated>0</truncated>
		<difficult>0</difficult>
		<bndbox>
			<xmin>19</xmin>
			<ymin>33</ymin>
			<xmax>608</xmax>
			<ymax>606</ymax>
		</bndbox>
	</object>
</annotation>
