<annotation>
	<folder>cotton</folder>
	<filename>ctn136.jpg</filename>
	<path>C:\Users\dell\Pictures\project\cotton\cotton\ctn136.jpg</path>
	<source>
		<database>Unknown</database>
	</source>
	<size>
		<width>640</width>
		<height>640</height>
		<depth>3</depth>
	</size>
	<segmented>0</segmented>
	<object>
		<name>cotton</name>
		<pose>Unspecified</pose>
		<truncated>0</truncated>
		<difficult>0</difficult>
		<bndbox>
			<xmin>14</xmin>
			<ymin>180</ymin>
			<xmax>335</xmax>
			<ymax>603</ymax>
		</bndbox>
	</object>
	<object>
		<name>cotton</name>
		<pose>Unspecified</pose>
		<truncated>0</truncated>
		<difficult>0</difficult>
		<bndbox>
			<xmin>361</xmin>
			<ymin>186</ymin>
			<xmax>632</xmax>
			<ymax>575</ymax>
		</bndbox>
	</object>
</annotation>
