<annotation>
	<folder>cotton</folder>
	<filename>ctn100.jpg</filename>
	<path>C:\Users\dell\Pictures\project\cotton\cotton\ctn100.jpg</path>
	<source>
		<database>Unknown</database>
	</source>
	<size>
		<width>640</width>
		<height>640</height>
		<depth>3</depth>
	</size>
	<segmented>0</segmented>
	<object>
		<name>cotton</name>
		<pose>Unspecified</pose>
		<truncated>0</truncated>
		<difficult>0</difficult>
		<bndbox>
			<xmin>5</xmin>
			<ymin>384</ymin>
			<xmax>235</xmax>
			<ymax>499</ymax>
		</bndbox>
	</object>
	<object>
		<name>cotton</name>
		<pose>Unspecified</pose>
		<truncated>0</truncated>
		<difficult>0</difficult>
		<bndbox>
			<xmin>439</xmin>
			<ymin>393</ymin>
			<xmax>638</xmax>
			<ymax>456</ymax>
		</bndbox>
	</object>
</annotation>
