<annotation>
	<folder>cotton</folder>
	<filename>ctn134.jpg</filename>
	<path>C:\Users\dell\Pictures\project\cotton\cotton\ctn134.jpg</path>
	<source>
		<database>Unknown</database>
	</source>
	<size>
		<width>640</width>
		<height>640</height>
		<depth>3</depth>
	</size>
	<segmented>0</segmented>
	<object>
		<name>cotton</name>
		<pose>Unspecified</pose>
		<truncated>0</truncated>
		<difficult>0</difficult>
		<bndbox>
			<xmin>110</xmin>
			<ymin>6</ymin>
			<xmax>638</xmax>
			<ymax>603</ymax>
		</bndbox>
	</object>
</annotation>
