<annotation>
	<folder>cotton</folder>
	<filename>ctn19.jpg</filename>
	<path>C:\Users\dell\Pictures\project\cotton\cotton\ctn19.jpg</path>
	<source>
		<database>Unknown</database>
	</source>
	<size>
		<width>640</width>
		<height>640</height>
		<depth>1</depth>
	</size>
	<segmented>0</segmented>
	<object>
		<name>cotton</name>
		<pose>Unspecified</pose>
		<truncated>0</truncated>
		<difficult>0</difficult>
		<bndbox>
			<xmin>2</xmin>
			<ymin>229</ymin>
			<xmax>345</xmax>
			<ymax>615</ymax>
		</bndbox>
	</object>
	<object>
		<name>cotton</name>
		<pose>Unspecified</pose>
		<truncated>1</truncated>
		<difficult>0</difficult>
		<bndbox>
			<xmin>385</xmin>
			<ymin>258</ymin>
			<xmax>640</xmax>
			<ymax>499</ymax>
		</bndbox>
	</object>
</annotation>
