<annotation>
	<folder>cotton</folder>
	<filename>ctn133.jpg</filename>
	<path>C:\Users\dell\Pictures\project\cotton\cotton\ctn133.jpg</path>
	<source>
		<database>Unknown</database>
	</source>
	<size>
		<width>640</width>
		<height>640</height>
		<depth>3</depth>
	</size>
	<segmented>0</segmented>
	<object>
		<name>cotton</name>
		<pose>Unspecified</pose>
		<truncated>0</truncated>
		<difficult>0</difficult>
		<bndbox>
			<xmin>167</xmin>
			<ymin>426</ymin>
			<xmax>637</xmax>
			<ymax>525</ymax>
		</bndbox>
	</object>
</annotation>
