<annotation>
	<folder>cotton</folder>
	<filename>ctn168.jpg</filename>
	<path>C:\Users\dell\Pictures\project\cotton\cotton\ctn168.jpg</path>
	<source>
		<database>Unknown</database>
	</source>
	<size>
		<width>640</width>
		<height>640</height>
		<depth>3</depth>
	</size>
	<segmented>0</segmented>
	<object>
		<name>cotton</name>
		<pose>Unspecified</pose>
		<truncated>1</truncated>
		<difficult>0</difficult>
		<bndbox>
			<xmin>9</xmin>
			<ymin>1</ymin>
			<xmax>639</xmax>
			<ymax>627</ymax>
		</bndbox>
	</object>
</annotation>
