<annotation>
	<folder>cotton</folder>
	<filename>ctn30.jpg</filename>
	<path>C:\Users\dell\Pictures\project\cotton\cotton\ctn30.jpg</path>
	<source>
		<database>Unknown</database>
	</source>
	<size>
		<width>640</width>
		<height>640</height>
		<depth>3</depth>
	</size>
	<segmented>0</segmented>
	<object>
		<name>cotton</name>
		<pose>Unspecified</pose>
		<truncated>0</truncated>
		<difficult>0</difficult>
		<bndbox>
			<xmin>26</xmin>
			<ymin>216</ymin>
			<xmax>329</xmax>
			<ymax>346</ymax>
		</bndbox>
	</object>
	<object>
		<name>cotton</name>
		<pose>Unspecified</pose>
		<truncated>0</truncated>
		<difficult>0</difficult>
		<bndbox>
			<xmin>519</xmin>
			<ymin>239</ymin>
			<xmax>633</xmax>
			<ymax>285</ymax>
		</bndbox>
	</object>
</annotation>
