<annotation>
	<folder>cotton</folder>
	<filename>ctn62.jpg</filename>
	<path>C:\Users\dell\Pictures\project\cotton\cotton\ctn62.jpg</path>
	<source>
		<database>Unknown</database>
	</source>
	<size>
		<width>640</width>
		<height>640</height>
		<depth>3</depth>
	</size>
	<segmented>0</segmented>
	<object>
		<name>cotton</name>
		<pose>Unspecified</pose>
		<truncated>0</truncated>
		<difficult>0</difficult>
		<bndbox>
			<xmin>3</xmin>
			<ymin>141</ymin>
			<xmax>635</xmax>
			<ymax>626</ymax>
		</bndbox>
	</object>
</annotation>
