<annotation>
	<folder>cotton</folder>
	<filename>ctn93.jpg</filename>
	<path>C:\Users\dell\Pictures\project\cotton\cotton\ctn93.jpg</path>
	<source>
		<database>Unknown</database>
	</source>
	<size>
		<width>640</width>
		<height>640</height>
		<depth>3</depth>
	</size>
	<segmented>0</segmented>
	<object>
		<name>cotton</name>
		<pose>Unspecified</pose>
		<truncated>1</truncated>
		<difficult>0</difficult>
		<bndbox>
			<xmin>302</xmin>
			<ymin>204</ymin>
			<xmax>640</xmax>
			<ymax>573</ymax>
		</bndbox>
	</object>
</annotation>
